date,Actual,Predicted
2014-05-28,34.599998,26.650166
2014-05-29,34.869999,26.852955
2014-05-30,35.18,27.055485
2014-06-02,35.27,27.144571
2014-06-03,35.18,27.047764
2014-06-04,34.900002,26.739548
2014-06-05,35.029999,26.908537
2014-06-06,35.09,27.169456
2014-06-09,35.0,26.962002
2014-06-10,34.849998,26.909325
2014-06-11,34.869999,26.896275
2014-06-12,34.700001,26.849947
2014-06-13,34.68,26.634966
2014-06-16,34.669998,26.543657
2014-06-17,34.740002,26.693867
2014-06-18,35.0,26.943867
2014-06-19,35.650002,27.382526
2014-06-20,35.630001,27.688372
2014-06-23,35.169998,27.229084
2014-06-24,34.869999,26.878708
2014-06-25,34.880001,26.750473
2014-06-26,34.810001,26.881493
2014-06-27,34.849998,26.819017
2014-06-30,34.990002,26.961016
2014-07-01,35.23,27.071722
2014-07-02,35.040001,27.141777
2014-07-03,35.0,27.021126
2014-07-07,35.169998,27.104597
2014-07-08,34.990002,27.028505
2014-07-09,35.41,27.23545
2014-07-10,34.990002,26.77304
2014-07-11,34.959999,26.872997
2014-07-14,35.220001,27.167814
2014-07-15,35.369999,27.292976
2014-07-16,35.689999,27.566757
2014-07-17,35.099998,27.05728
2014-07-18,35.290001,27.226753
2014-07-21,35.27,26.991903
2014-07-22,35.450001,27.133368
2014-07-23,35.150002,27.050827
2014-07-24,35.130001,27.121231
2014-07-25,34.990002,26.96865
2014-07-28,35.18,27.007626
2014-07-29,36.02,27.33102
2014-07-30,35.84,27.631607
2014-07-31,34.880001,26.96167
2014-08-01,34.599998,26.48624
2014-08-04,34.5,26.390404
2014-08-05,34.209999,26.106926
2014-08-06,34.060001,25.883827
2014-08-07,33.990002,25.93023
2014-08-08,34.200001,25.762604
2014-08-11,34.02,26.017488
2014-08-12,33.91,25.92638
2014-08-13,34.34,26.331305
2014-08-14,34.099998,26.11618
2014-08-15,33.959999,26.084774
2014-08-18,34.119999,26.180775
2014-08-19,34.080002,26.185673
2014-08-20,34.09,26.251442
2014-08-21,34.73,26.590187
2014-08-22,34.349998,26.56774
2014-08-25,34.5,26.629526
2014-08-26,34.279999,26.383142
2014-08-27,33.950001,26.307493
2014-08-28,34.07,26.127377
2014-08-29,34.049999,26.168995
2014-09-02,33.77,25.998245
2014-09-03,33.959999,26.055222
2014-09-04,33.889999,26.097431
2014-09-05,33.849998,26.003498
2014-09-08,33.849998,25.94438
2014-09-09,33.689999,25.908394
2014-09-10,34.23,26.231941
2014-09-11,34.400002,26.261843
2014-09-12,34.5,26.41217
2014-09-15,34.5,26.344067
2014-09-16,34.130001,26.199331
2014-09-17,33.93,26.11238
2014-09-18,34.529999,26.359768
2014-09-19,34.459999,26.56615
2014-09-22,34.59,26.593248
2014-09-23,34.32,26.437084
2014-09-24,34.759998,26.639828
2014-09-25,34.360001,26.467903
2014-09-26,34.419998,26.300884
2014-09-29,34.040001,26.087736
2014-09-30,34.279999,26.218107
2014-10-01,33.790001,25.89383
2014-10-02,32.0,29.780746
2014-10-03,32.48,25.967098
2014-10-06,32.720001,25.083187
2014-10-07,32.59,24.97075
2014-10-08,32.860001,25.097355
2014-10-09,32.150002,24.56886
2014-10-10,31.700001,24.08498
2014-10-13,31.389999,23.531656
2014-10-14,31.549999,23.81704
2014-10-15,31.25,23.787226
2014-10-16,30.91,22.63658
2014-10-17,31.129999,23.219658
2014-10-20,31.610001,23.73419
2014-10-21,31.549999,23.951382
2014-10-22,31.620001,24.100267
2014-10-23,31.620001,24.058407
2014-10-24,31.07,23.471085
2014-10-27,30.82,23.331541
2014-10-28,29.99,23.586391
2014-10-29,30.690001,23.267725
2014-10-30,30.65,23.23613
2014-10-31,32.119999,24.4464
2014-11-03,32.400002,24.574196
2014-11-04,31.02,23.696375
2014-11-05,31.690001,24.290478
2014-11-06,31.66,24.191292
2014-11-07,31.620001,24.157284
2014-11-10,31.549999,24.23713
2014-11-11,31.01,23.684647
2014-11-12,31.190001,23.88731
2014-11-13,31.530001,23.90786
2014-11-14,31.99,24.472435
2014-11-17,31.51,24.107948
2014-11-18,31.65,24.150637
2014-11-19,31.129999,23.772148
2014-11-20,31.16,24.209953
2014-11-21,31.74,24.274765
2014-11-24,31.68,24.474503
2014-11-25,31.790001,24.436302
2014-11-26,30.969999,23.834831
2014-11-28,30.32,23.292799
2014-12-01,30.51,23.238155
2014-12-02,30.76,23.606277
2014-12-03,30.98,23.755552
2014-12-04,31.209999,23.972382
2014-12-05,31.139999,23.921448
2014-12-08,30.540001,23.585459
2014-12-09,31.01,23.497952
2014-12-10,30.139999,23.060305
2014-12-11,30.059999,22.801567
2014-12-12,29.34,22.177828
2014-12-15,28.93,21.880882
2014-12-16,28.870001,22.470417
2014-12-17,29.809999,22.305046
2014-12-18,30.139999,22.801453
2014-12-19,30.33,22.961874
2014-12-22,30.200001,22.962856
2014-12-23,30.23,23.164986
2014-12-24,30.370001,23.309906
2014-12-26,30.33,23.199188
2014-12-29,30.040001,22.893896
2014-12-30,29.6,22.471664
2014-12-31,29.52,22.292353
2015-01-02,29.59,22.388039
2015-01-05,28.98,21.941402
2015-01-06,28.82,21.577587
2015-01-07,29.110001,21.777464
2015-01-08,29.48,22.203514
2015-01-09,29.41,22.306934
2015-01-12,29.41,21.981182
2015-01-13,29.809999,22.482464
2015-01-14,30.25,22.912716
2015-01-15,30.299999,22.631245
2015-01-16,30.84,22.941616
2015-01-20,30.780001,23.207949
2015-01-21,31.09,23.267433
2015-01-22,31.280001,23.615189
2015-01-23,31.17,23.786018
2015-01-26,31.059999,23.587156
2015-01-27,30.83,23.395103
2015-01-28,30.48,23.013077
2015-01-29,30.629999,22.983307
2015-01-30,30.219999,22.639036
2015-02-02,31.59,23.576685
2015-02-03,31.23,23.414257
2015-02-04,31.32,23.662022
2015-02-05,31.99,24.160694
2015-02-06,32.029999,24.316864
2015-02-09,31.93,24.072418
2015-02-10,32.490002,24.409283
2015-02-11,32.5,24.530188
2015-02-12,32.73,24.771973
2015-02-13,32.869999,25.053808
2015-02-17,33.130001,25.139246
2015-02-18,33.25,25.267647
2015-02-19,33.369999,25.333069
2015-02-20,33.509998,25.513268
2015-02-23,33.299999,25.297533
2015-02-24,33.189999,25.248554
2015-02-25,33.330002,25.402168
2015-02-26,33.66,25.720013
2015-02-27,33.139999,25.496065
2015-03-02,33.209999,25.383276
2015-03-03,33.25,25.477688
2015-03-04,33.080002,25.31128
2015-03-05,33.240002,25.373615
2015-03-06,33.52,25.625566
2015-03-09,33.459999,25.464321
2015-03-10,33.32,25.356495
2015-03-11,33.380001,25.25315
2015-03-12,34.299999,25.95502
2015-03-13,34.09,25.856394
2015-03-16,34.43,26.136219
2015-03-17,34.009998,25.855486
2015-03-18,34.34,26.07229
2015-03-19,33.919998,25.952509
2015-03-20,34.360001,26.358593
2015-03-23,34.509998,26.468067
2015-03-24,34.029999,26.340637
2015-03-25,33.91,26.074486
2015-03-26,33.549999,25.611376
2015-03-27,33.459999,25.381145
2015-03-30,33.669998,25.664595
2015-03-31,32.759998,24.873121
2015-04-01,32.709999,24.779785
2015-04-02,32.970001,25.13754
2015-04-06,33.91,25.857685
2015-04-07,33.759998,25.805285
2015-04-08,33.810001,25.93283
2015-04-09,34.080002,25.981157
2015-04-10,34.66,26.401535
2015-04-13,33.619999,25.71172
2015-04-14,34.189999,26.143944
2015-04-15,34.610001,26.537075
2015-04-16,35.060001,26.857521
2015-04-17,35.18,26.821802
2015-04-20,35.009998,26.81672
2015-04-21,35.32,27.250061
2015-04-22,35.470001,27.321342
2015-04-23,36.099998,27.68734
2015-04-24,36.360001,28.035807
2015-04-27,36.220001,27.960333
2015-04-28,33.759998,26.25875
2015-04-29,33.48,25.804874
2015-04-30,33.529999,25.733486
2015-05-01,34.220001,26.092968
2015-05-04,34.240002,26.216846
2015-05-05,33.75,26.032433
2015-05-06,33.82,25.700161
2015-05-07,34.209999,25.906002
2015-05-08,35.369999,26.851976
2015-05-11,34.93,26.855429
2015-05-12,34.639999,26.382507
2015-05-13,34.759998,26.77245
2015-05-14,35.080002,26.892366
2015-05-15,35.0,26.856619
2015-05-18,35.200001,27.17934
2015-05-19,34.860001,26.738518
2015-05-20,34.650002,26.571093
2015-05-21,34.139999,26.245955
2015-05-22,34.119999,26.136753
2015-05-26,33.98,26.112114
2015-05-27,34.34,26.269367
2015-05-28,34.59,26.353458
2015-05-29,34.220001,26.247326
2015-06-01,34.27,26.21429
2015-06-02,33.900002,25.829746
2015-06-03,34.5,26.406342
2015-06-04,34.029999,26.060896
2015-06-05,33.830002,25.828785
2015-06-08,33.68,25.735819
2015-06-09,33.41,25.525984
2015-06-10,33.900002,25.947716
2015-06-11,33.860001,26.054014
2015-06-12,33.16,25.426659
2015-06-15,32.919998,25.086826
2015-06-16,32.720001,24.838375
2015-06-17,32.610001,24.845655
2015-06-18,32.529999,24.861425
2015-06-19,32.48,24.892807
2015-06-22,33.130001,25.526825
2015-06-23,33.509998,25.813217
2015-06-24,32.59,24.992931
2015-06-25,32.759998,25.188404
2015-06-26,32.880001,25.159176
2015-06-29,32.0,24.290947
2015-06-30,32.400002,24.321663
2015-07-01,31.879999,24.349619
2015-07-02,32.650002,24.806915
2015-07-06,32.439999,24.620174
2015-07-07,32.240002,24.354406
2015-07-08,31.040001,23.586239
2015-07-09,31.299999,23.607185
2015-07-10,31.68,24.043941
2015-07-13,31.709999,24.25399
2015-07-14,32.060001,24.425453
2015-07-15,32.240002,24.756823
2015-07-16,32.110001,24.759905
2015-07-17,32.130001,24.73353
2015-07-20,32.200001,24.782875
2015-07-21,31.5,24.30579
2015-07-22,31.57,24.213276
2015-07-23,31.440001,24.208736
2015-07-24,31.09,23.83363
2015-07-27,31.15,23.503595
2015-07-28,31.16,23.64387
2015-07-29,31.43,23.74427
2015-07-30,31.65,24.014732
2015-07-31,33.959999,25.58097
2015-08-03,34.639999,26.620314
2015-08-04,34.630001,26.5452
2015-08-05,35.009998,26.92706
2015-08-06,35.57,27.468327
2015-08-07,35.25,27.071808
2015-08-10,35.619999,27.18834
2015-08-11,34.93,26.827988
2015-08-12,34.490002,26.280422
2015-08-13,34.549999,26.518288
2015-08-14,34.080002,26.094618
2015-08-17,34.119999,26.221806
2015-08-18,33.950001,26.163824
2015-08-19,33.490002,25.708838
2015-08-20,32.360001,24.659096
2015-08-21,31.51,23.722378
2015-08-24,30.25,22.393858
2015-08-25,29.98,22.886917
2015-08-26,31.09,22.593016
2015-08-27,31.370001,22.89531
2015-08-28,31.92,23.48484
2015-08-31,31.48,23.211946
2015-09-01,30.219999,22.279503
2015-09-02,30.809999,22.623686
2015-09-03,30.940001,22.82012
2015-09-04,30.1,22.077175
2015-09-08,31.24,22.937603
2015-09-09,31.07,23.299809
2015-09-10,30.860001,22.764648
2015-09-11,30.74,22.635464
2015-09-14,30.59,22.527805
2015-09-15,31.15,22.946655
2015-09-16,32.119999,23.9975
2015-09-17,31.9,23.973097
2015-09-18,31.190001,23.34713
2015-09-21,31.360001,23.578491
2015-09-22,30.76,22.934076
2015-09-23,30.77,23.005125
2015-09-24,30.700001,22.598444
2015-09-25,30.540001,22.877026
2015-09-28,29.65,22.054863
2015-09-29,29.48,21.621353
2015-09-30,29.9,21.760765
2015-10-01,30.01,22.136
2015-10-02,30.52,22.214249
2015-10-05,30.85,23.019005
2015-10-06,30.75,23.02138
2015-10-07,32.25,24.27178
2015-10-08,32.5,24.36803
2015-10-09,32.720001,24.853085
2015-10-12,32.75,24.899302
2015-10-13,32.200001,24.415081
2015-10-14,31.76,24.09058
2015-10-15,32.369999,24.387804
2015-10-16,32.490002,24.562012
2015-10-19,32.189999,24.334187
2015-10-20,32.0,24.28239
2015-10-21,32.700001,24.87347
2015-10-22,33.040001,25.078415
2015-10-23,33.830002,25.809303
2015-10-26,33.799999,25.736801
2015-10-27,33.380001,25.522703
2015-10-28,33.830002,25.716187
2015-10-29,32.98,25.121061
2015-10-30,33.130001,25.360176
2015-11-02,33.299999,25.275242
2015-11-03,33.25,25.355839
2015-11-04,32.09,25.20139
2015-11-05,32.810001,24.97625
2015-11-06,32.509998,24.962078
2015-11-09,32.540001,24.78107
2015-11-10,32.66,24.83662
2015-11-11,32.57,24.829937
2015-11-12,32.220001,24.441193
2015-11-13,32.130001,24.200382
2015-11-16,32.610001,24.348976
2015-11-17,32.43,24.434292
2015-11-18,32.810001,24.716888
2015-11-19,32.950001,25.019182
2015-11-20,32.779999,25.024956
2015-11-23,32.650002,24.873112
2015-11-24,32.889999,24.880016
2015-11-25,32.599998,24.954744
2015-11-27,32.630001,24.855762
2015-11-30,32.68,24.766499
2015-12-01,33.32,25.38132
2015-12-02,32.93,25.204786
2015-12-03,32.52,24.83517
2015-12-04,32.689999,24.775505
2015-12-07,32.630001,24.900364
2015-12-08,32.16,24.339222
2015-12-09,32.16,24.180424
2015-12-10,32.060001,24.144686
2015-12-11,31.4,23.421364
2015-12-14,31.549999,23.37895
2015-12-15,31.530001,23.541954
2015-12-16,32.790001,24.544111
2015-12-17,32.369999,24.595922
2015-12-18,31.940001,23.944487
2015-12-21,32.110001,24.105171
2015-12-22,32.169998,24.287031
2015-12-23,32.380001,24.614285
2015-12-24,32.400002,24.58804
2015-12-28,32.220001,24.423943
2015-12-29,32.41,24.67942
2015-12-30,32.040001,24.492481
2015-12-31,31.93,24.238647
2016-01-04,30.99,23.124899
2016-01-05,30.75,23.154255
2016-01-06,30.24,22.671375
2016-01-07,29.5,21.851124
2016-01-08,28.889999,21.897215
2016-01-11,29.360001,21.490993
2016-01-12,29.889999,22.29692
2016-01-13,29.700001,22.260468
2016-01-14,29.959999,21.955856
2016-01-15,29.030001,21.399492
2016-01-19,29.15,21.56499
2016-01-20,28.27,20.710346
2016-01-21,27.620001,20.413145
2016-01-22,28.719999,21.1617
2016-01-25,27.879999,20.664282
2016-01-26,27.870001,20.626436
2016-01-27,27.6,20.645601
2016-01-28,27.35,20.42659
2016-01-29,27.02,20.254692
2016-02-01,27.73,20.706146
2016-02-02,27.629999,20.703148
2016-02-03,26.639999,19.954569
2016-02-04,26.74,19.795357
2016-02-05,26.01,19.43412
2016-02-08,25.85,19.134674
2016-02-09,25.32,18.568888
2016-02-10,25.33,18.91346
2016-02-11,24.85,18.435343
2016-02-12,25.139999,18.256681
2016-02-16,25.93,19.079693
2016-02-17,26.24,19.407536
2016-02-18,26.25,19.755497
2016-02-19,25.93,19.250385
2016-02-22,26.110001,19.58217
2016-02-23,25.610001,19.113365
2016-02-24,25.5,18.609241
2016-02-25,25.639999,18.917011
2016-02-26,26.08,19.350403
2016-02-29,25.709999,19.129457
2016-03-01,26.709999,19.704666
2016-03-02,27.110001,20.17331
2016-03-03,27.77,20.901588
2016-03-04,28.030001,21.126774
2016-03-07,27.870001,20.955467
2016-03-08,27.549999,20.74028
2016-03-09,27.65,20.79235
2016-03-10,27.639999,20.956078
2016-03-11,28.23,21.21049
2016-03-14,27.940001,21.01837
2016-03-15,27.639999,20.79688
2016-03-16,27.41,20.669651
2016-03-17,27.68,20.999485
2016-03-18,27.58,21.08828
2016-03-21,27.68,21.053331
2016-03-22,27.59,21.020073
2016-03-23,27.040001,20.726532
2016-03-24,26.690001,20.365946
2016-03-28,27.120001,20.698296
2016-03-29,27.379999,20.964462
2016-03-30,26.950001,20.659258
2016-03-31,27.34,21.075129
2016-04-01,26.290001,20.182968
2016-04-04,26.17,19.951954
2016-04-05,25.629999,19.33898
2016-04-06,26.059999,19.660883
2016-04-07,25.68,19.452753
2016-04-08,26.4,20.087112
2016-04-11,26.139999,19.837934
2016-04-12,27.200001,20.516014
2016-04-13,27.889999,21.171646
2016-04-14,27.9,21.223286
2016-04-15,27.540001,21.058867
2016-04-18,27.879999,20.99303
2016-04-19,28.5,21.757633
2016-04-20,28.389999,21.706064
2016-04-21,28.24,21.71025
2016-04-22,28.65,21.995296
2016-04-25,28.690001,21.908506
2016-04-26,28.709999,21.960594
2016-04-27,28.469999,21.784626
2016-04-28,27.23,20.991669
2016-04-29,26.959999,20.48172
2016-05-02,27.110001,20.54662
2016-05-03,26.76,20.276756
2016-05-04,26.469999,20.085197
2016-05-05,26.629999,20.07668
2016-05-06,27.43,20.825169
2016-05-09,27.629999,21.154644
2016-05-10,28.25,21.433735
2016-05-11,27.459999,21.172937
2016-05-12,27.610001,21.193893
2016-05-13,26.280001,20.53923
2016-05-16,27.129999,21.368835
2016-05-17,26.85,20.499268
2016-05-18,26.799999,20.136103
2016-05-19,26.59,20.031166
2016-05-20,26.799999,20.199726
2016-05-23,26.639999,20.239014
2016-05-24,27.040001,20.400242
2016-05-25,27.6,20.859318
2016-05-26,27.75,21.296032
2016-05-27,27.17,20.978104
2016-05-31,27.98,21.202663
2016-06-01,27.700001,21.142984
2016-06-02,27.280001,20.712385
2016-06-03,27.110001,20.845346
2016-06-06,27.18,20.825329
2016-06-07,27.290001,21.029694
2016-06-08,27.35,21.036343
2016-06-09,26.889999,20.604317
2016-06-10,26.4,20.098087
2016-06-13,25.93,19.36169
2016-06-14,25.6,19.05789
2016-06-15,26.040001,19.461727
2016-06-16,25.959999,19.498344
2016-06-17,25.950001,19.41376
2016-06-20,26.27,19.984573
2016-06-21,26.41,19.962769
2016-06-22,25.93,19.371317
2016-06-23,26.629999,20.049189
2016-06-24,25.27,18.691853
2016-06-27,24.76,18.8909
2016-06-28,25.219999,18.841976
2016-06-29,25.51,19.196964
2016-06-30,25.33,19.125957
2016-07-01,25.120001,19.047241
2016-07-05,24.85,18.96327
2016-07-06,24.48,18.338587
2016-07-07,24.58,18.635918
2016-07-08,25.09,19.157722
2016-07-11,25.780001,19.544401
2016-07-12,26.07,19.881123
2016-07-13,26.280001,20.103096
2016-07-14,25.93,19.792597
2016-07-15,26.469999,20.292002
2016-07-18,26.639999,20.321627
2016-07-19,26.469999,20.456936
2016-07-20,26.58,20.331429
2016-07-21,26.91,20.69725
2016-07-22,26.82,20.61103
2016-07-25,26.889999,20.596508
2016-07-26,26.959999,20.467314
2016-07-27,27.139999,20.733984
2016-07-28,26.99,20.504625
2016-07-29,27.120001,20.805725
2016-08-01,27.290001,20.74672
2016-08-02,28.049999,21.375435
2016-08-03,28.32,21.439205
2016-08-04,28.790001,21.934612
2016-08-05,28.959999,22.15474
2016-08-08,29.219999,22.50861
2016-08-09,29.219999,22.372952
2016-08-10,29.1,22.39003
2016-08-11,29.4,22.42945
2016-08-12,29.15,22.278204
2016-08-15,29.299999,22.384945
2016-08-16,29.280001,22.294338
2016-08-17,29.879999,22.757624
2016-08-18,29.969999,22.936611
2016-08-19,30.629999,23.566704
2016-08-22,30.969999,23.724253
2016-08-23,30.58,23.505594
2016-08-24,30.6,23.403612
2016-08-25,30.620001,23.328629
2016-08-26,30.23,22.999264
2016-08-29,30.620001,23.364143
2016-08-30,30.9,23.611553
2016-08-31,30.809999,23.475368
2016-09-01,30.780001,23.628897
2016-09-02,30.959999,23.730751
2016-09-06,30.77,23.580019
2016-09-07,30.879999,23.861511
2016-09-08,30.84,23.70987
2016-09-09,30.09,23.032768
2016-09-12,30.41,22.99064
2016-09-13,30.1,22.81908
2016-09-14,29.620001,22.387112
2016-09-15,29.48,22.056473
2016-09-16,28.92,22.026533
2016-09-19,29.030001,22.064575
2016-09-20,28.98,22.079865
2016-09-21,29.77,22.82231
2016-09-22,30.190001,23.227839
2016-09-23,29.49,22.735926
2016-09-26,29.030001,22.137043
2016-09-27,29.049999,22.268864
2016-09-28,29.17,22.221207
2016-09-29,28.83,22.041872
2016-09-30,28.92,21.905642
2016-10-03,29.01,22.077625
2016-10-04,29.059999,22.26487
2016-10-05,29.9,22.762077
2016-10-06,29.59,22.623302
2016-10-07,29.459999,22.510593
2016-10-10,29.639999,22.675941
2016-10-11,29.15,22.246113
2016-10-12,29.280001,22.137436
2016-10-13,29.24,22.009941
2016-10-14,29.41,22.317131
2016-10-17,29.15,22.126926
2016-10-18,29.52,22.456776
2016-10-19,29.280001,22.332472
2016-10-20,29.67,22.587788
2016-10-21,29.790001,22.674236
2016-10-24,29.690001,22.708416
2016-10-25,29.92,22.887661
2016-10-26,29.940001,22.855879
2016-10-27,29.950001,22.796986
2016-10-28,29.82,22.655687
2016-10-31,29.83,22.850399
2016-11-01,29.030001,21.968073
2016-11-02,28.379999,21.411255
2016-11-03,28.389999,21.099796
2016-11-04,27.709999,20.512186
2016-11-07,28.309999,21.097977
2016-11-08,28.43,21.22507
2016-11-09,27.93,20.983597
2016-11-10,28.35,21.359097
2016-11-11,28.25,21.378387
2016-11-14,28.52,21.647524
2016-11-15,28.629999,21.775492
2016-11-16,28.540001,21.745981
2016-11-17,28.950001,21.94761
2016-11-18,28.709999,21.965849
2016-11-21,28.6,21.90524
2016-11-22,28.52,21.728327
2016-11-23,28.68,21.78616
2016-11-25,29.41,22.439968
2016-11-28,29.280001,22.43182
2016-11-29,29.41,22.469461
2016-11-30,29.74,22.700306
2016-12-01,29.620001,22.541725
2016-12-02,29.370001,22.35277
2016-12-05,29.43,22.457335
2016-12-06,29.51,22.461205
2016-12-07,30.02,22.77953
2016-12-08,30.32,23.164291
2016-12-09,30.629999,23.33351
2016-12-12,30.209999,23.13231
2016-12-13,30.299999,23.095982
2016-12-14,30.01,23.032139
2016-12-15,30.190001,23.033527
2016-12-16,30.129999,23.0564
2016-12-19,30.200001,23.146078
2016-12-20,30.16,23.226805
2016-12-21,30.02,23.108557
2016-12-22,30.17,23.27154
2016-12-23,30.209999,23.238083
2016-12-27,29.879999,22.738888
2016-12-28,29.57,22.666157
2016-12-29,29.280001,22.346071
2016-12-30,29.190001,22.147806
2017-01-03,29.610001,22.480068
2017-01-04,30.66,23.21605
2017-01-05,30.66,23.50798
2017-01-06,30.469999,23.310106
2017-01-09,30.43,23.320395
2017-01-10,30.1,23.11632
2017-01-11,30.18,23.03024
2017-01-12,30.16,23.047678
2017-01-13,30.08,23.041164
2017-01-17,29.66,22.733337
2017-01-18,29.99,22.754927
2017-01-19,30.35,23.145874
2017-01-20,30.440001,23.390152
2017-01-23,30.360001,23.207615
2017-01-24,30.309999,23.146797
2017-01-25,30.790001,23.56987
2017-01-26,30.73,23.759455
2017-01-27,30.08,23.293509
2017-01-30,29.950001,22.990807
2017-01-31,29.719999,22.732887
2017-02-01,29.959999,23.005531
2017-02-02,30.219999,23.03978
2017-02-03,31.059999,23.687204
2017-02-06,30.870001,23.61768
2017-02-07,31.379999,24.101213
2017-02-08,31.73,24.256628
2017-02-09,31.33,23.9803
2017-02-10,31.57,24.241894
2017-02-13,32.130001,24.611734
2017-02-14,32.009998,24.441982
2017-02-15,31.790001,24.268673
2017-02-16,31.5,24.21872
2017-02-17,31.610001,24.070871
2017-02-21,31.780001,24.366085
2017-02-22,31.860001,24.388508
2017-02-23,31.620001,24.277287
2017-02-24,31.450001,24.055168
2017-02-27,31.24,23.914204
2017-02-28,30.969999,23.720053
2017-03-01,31.290001,23.913956
2017-03-02,30.99,23.814045
2017-03-03,31.15,23.91779
2017-03-06,30.959999,23.770054
2017-03-07,31.07,23.859695
2017-03-08,30.940001,23.756935
2017-03-09,30.940001,23.638386
2017-03-10,31.049999,23.816246
2017-03-13,31.049999,23.772259
2017-03-14,30.75,23.552475
2017-03-15,31.16,23.811825
2017-03-16,31.190001,24.009995
2017-03-17,31.040001,23.883854
2017-03-20,30.99,23.82917
2017-03-21,30.790001,23.847359
2017-03-22,30.620001,23.298735
2017-03-23,30.73,23.398727
2017-03-24,30.780001,23.466858
2017-03-27,30.809999,23.41865
2017-03-28,30.809999,23.429205
2017-03-29,30.790001,23.62684
2017-03-30,30.65,23.566748
2017-03-31,30.26,23.160017
2017-04-03,30.129999,23.059078
2017-04-04,29.629999,22.67324
2017-04-05,29.030001,22.234446
2017-04-06,28.719999,21.965343
2017-04-07,28.77,21.942083
2017-04-10,28.66,21.770527
2017-04-11,28.76,21.790768
2017-04-12,28.57,21.61304
2017-04-13,28.450001,21.574398
2017-04-17,28.690001,21.640701
2017-04-18,28.4,21.507479
2017-04-19,28.190001,21.380518
2017-04-20,28.48,21.539644
2017-04-21,28.52,21.607466
2017-04-24,28.82,22.119072
2017-04-25,28.959999,22.237572
2017-04-26,29.08,22.375168
2017-04-27,29.01,22.338163
2017-04-28,29.1,22.245098
2017-05-01,29.08,22.302004
2017-05-02,28.889999,22.235897
2017-05-03,28.92,22.133873
2017-05-04,28.99,22.232449
2017-05-05,29.139999,22.354675
2017-05-08,29.0,22.341583
2017-05-09,28.469999,22.036882
2017-05-10,28.48,21.920921
2017-05-11,28.6,21.971828
2017-05-12,28.120001,21.671001
2017-05-15,28.33,21.783207
2017-05-16,27.99,21.705046
2017-05-17,27.48,20.962036
2017-05-18,27.66,20.81878
2017-05-19,27.68,21.12262
2017-05-22,27.74,21.307585
2017-05-23,27.74,21.343344
2017-05-24,27.969999,21.508343
2017-05-25,27.65,21.261517
2017-05-26,27.629999,21.189533
2017-05-30,27.790001,21.271603
2017-05-31,27.93,21.44358
2017-06-01,28.290001,21.610432
2017-06-02,28.690001,22.040554
2017-06-05,28.200001,21.702435
2017-06-06,28.290001,21.754631
2017-06-07,28.25,21.790976
2017-06-08,28.129999,21.650684
2017-06-09,27.940001,21.451927
2017-06-12,27.98,21.36125
2017-06-13,28.08,21.49905
2017-06-14,28.049999,21.531559
2017-06-15,27.889999,21.303291
2017-06-16,27.860001,21.387804
2017-06-19,27.75,21.3548
2017-06-20,27.41,21.226414
2017-06-21,27.57,21.217226
2017-06-22,27.57,21.177238
2017-06-23,27.65,21.28554
2017-06-26,27.610001,21.380484
2017-06-27,27.24,20.96555
2017-06-28,27.48,21.189074
2017-06-29,27.190001,20.964546
2017-06-30,27.389999,20.994795
2017-07-03,27.41,21.167524
2017-07-05,27.780001,21.281239
2017-07-06,27.32,20.882523
2017-07-07,27.26,20.985565
2017-07-10,27.200001,20.854963
2017-07-11,27.200001,20.789085
2017-07-12,27.5,21.180426
2017-07-13,27.48,21.156456
2017-07-14,27.629999,21.467022
2017-07-17,27.719999,21.354654
2017-07-18,27.66,21.336845
2017-07-19,27.73,21.466612
2017-07-20,27.700001,21.446955
2017-07-21,27.52,21.3659
2017-07-24,27.41,21.233088
2017-07-25,27.6,21.215725
2017-07-26,27.6,21.20249
2017-07-27,27.67,21.236858
2017-07-28,27.66,21.26624
2017-07-31,28.02,21.549578
2017-08-01,28.639999,22.046886
2017-08-02,28.85,22.195028
2017-08-03,28.67,22.10062
2017-08-04,28.370001,21.99193
2017-08-07,28.18,21.837587
2017-08-08,28.059999,21.69093
2017-08-09,27.870001,21.480455
2017-08-10,27.58,20.984436
2017-08-11,27.559999,20.791607
2017-08-14,27.74,21.247925
2017-08-15,27.65,21.179464
2017-08-16,27.719999,21.258823
2017-08-17,27.360001,20.7858
2017-08-18,27.540001,20.80968
2017-08-21,27.540001,20.939707
2017-08-22,27.879999,21.21595
2017-08-23,27.73,21.205992
2017-08-24,27.77,21.22524
2017-08-25,27.969999,21.328362
2017-08-28,27.809999,21.446936
2017-08-29,27.860001,21.299084
2017-08-30,27.65,21.179506
2017-08-31,28.1,21.409576
2017-09-01,28.209999,21.644623
2017-09-05,28.049999,21.335846
2017-09-06,28.08,21.389568
2017-09-07,28.219999,21.582462
2017-09-08,28.459999,21.645288
2017-09-11,28.889999,22.025505
2017-09-12,29.200001,22.31287
2017-09-13,29.219999,22.397354
2017-09-14,29.23,22.36388
2017-09-15,29.34,22.514942
2017-09-18,29.43,22.589476
2017-09-19,29.540001,22.633923
2017-09-20,29.65,22.762842
2017-09-21,29.73,22.808697
2017-09-22,29.91,22.981918
2017-09-25,29.93,22.939781
2017-09-26,30.01,23.00372
2017-09-27,29.85,22.964634
2017-09-28,29.690001,22.84034
2017-09-29,29.559999,22.789377
2017-10-02,29.780001,22.773699
2017-10-03,30.200001,23.0524
2017-10-04,30.049999,23.090446
2017-10-05,30.08,23.168686
2017-10-06,30.09,23.079712
2017-10-09,30.09,23.100355
2017-10-10,30.290001,23.190107
2017-10-11,30.309999,23.263746
2017-10-12,30.18,23.224855
2017-10-13,30.26,23.29103
2017-10-16,30.41,23.317406
2017-10-17,30.41,23.301723
2017-10-18,30.459999,23.361286
2017-10-19,30.440001,23.323841
2017-10-20,30.23,23.236195
2017-10-23,30.370001,23.325233
2017-10-24,30.74,23.452291
2017-10-25,30.459999,23.328775
2017-10-26,30.799999,23.478762
2017-10-27,30.93,23.617054
2017-10-30,31.1,23.662416
2017-10-31,31.09,23.716217
2017-11-01,31.870001,24.244865
2017-11-02,32.799999,25.174019
2017-11-03,32.869999,25.225119
2017-11-06,33.52,25.734428
2017-11-07,33.529999,25.76205
2017-11-08,33.639999,25.91077
2017-11-09,32.970001,25.430893
2017-11-10,32.93,25.234642
2017-11-13,32.810001,24.910496
2017-11-14,32.490002,24.922455
2017-11-15,32.16,24.25217
2017-11-16,32.599998,24.834461
2017-11-17,32.619999,24.87405
2017-11-20,32.919998,25.188202
2017-11-21,33.119999,25.379402
2017-11-22,33.16,25.458303
2017-11-24,33.130001,25.458197
2017-11-27,32.98,25.39452
2017-11-28,33.400002,25.591253
2017-11-29,33.200001,25.542175
2017-11-30,33.34,25.583939
2017-12-01,33.380001,25.48062
2017-12-04,33.400002,25.595455
2017-12-05,33.200001,25.44181
2017-12-06,33.130001,25.3113
2017-12-07,33.349998,25.488682
2017-12-08,33.290001,25.597534
2017-12-11,33.330002,25.579031
2017-12-12,33.52,25.625238
2017-12-13,33.73,25.848732
2017-12-14,33.66,25.848557
2017-12-15,33.68,25.84204
2017-12-18,34.029999,26.07529
2017-12-19,34.279999,26.380314
2017-12-20,34.119999,26.301807
2017-12-21,34.18,26.325565
2017-12-22,34.299999,26.283703
2017-12-26,34.400002,26.314629
2017-12-27,34.32,26.230602
2017-12-28,34.240002,26.21864
2017-12-29,34.080002,26.132208
2018-01-02,34.48,26.237558
2018-01-03,34.790001,26.453518
2018-01-04,35.459999,26.98809
2018-01-05,35.619999,27.28131
2018-01-08,35.799999,27.347523
2018-01-09,35.52,27.247772
2018-01-10,36.279999,27.910965
2018-01-11,36.09,27.531597
2018-01-12,35.93,27.403893
2018-01-16,35.73,27.431362
2018-01-17,36.330002,27.6132
2018-01-18,35.860001,27.31568
2018-01-19,36.240002,27.619068
2018-01-22,36.18,27.536963
2018-01-23,36.470001,27.868393
2018-01-24,36.330002,27.796612
2018-01-25,35.900002,27.655174
2018-01-26,36.209999,27.592205
2018-01-29,36.02,27.41779
2018-01-30,35.830002,27.105536
2018-01-31,35.290001,26.853786
2018-02-01,35.169998,26.696257
2018-02-02,36.16,27.809378
2018-02-05,34.849998,26.28845
2018-02-06,36.16,25.55809
2018-02-07,35.669998,26.341684
2018-02-08,34.400002,25.77155
2018-02-09,34.610001,25.36958
2018-02-12,35.27,25.652634
2018-02-13,34.599998,25.294222
2018-02-14,35.07,25.658085
2018-02-15,35.529999,26.44109
2018-02-16,35.639999,26.592838
2018-02-20,35.59,26.568499
2018-02-21,35.43,26.607197
2018-02-22,35.57,26.7003
2018-02-23,36.18,27.111828
2018-02-26,36.73,27.651299
2018-02-27,36.580002,27.74181
2018-02-28,36.09,27.30659
2018-03-01,35.119999,26.495007
2018-03-02,34.830002,25.674644
2018-03-05,34.779999,25.672146
2018-03-06,34.939999,26.234783
2018-03-07,34.759998,25.952303
2018-03-08,34.93,26.242672
2018-03-09,34.650002,25.967869
2018-03-12,35.049999,26.491665
2018-03-13,34.610001,26.25849
2018-03-14,34.599998,26.127228
2018-03-15,34.73,26.236813
2018-03-16,34.759998,26.245905
2018-03-19,34.119999,25.660072
2018-03-20,34.419998,25.747656
2018-03-21,34.490002,25.854477
2018-03-22,33.939999,25.234156
2018-03-23,32.91,24.387615
2018-03-26,33.639999,24.686913
2018-03-27,33.73,25.06929
2018-03-28,34.419998,25.365082
2018-03-29,34.73,25.770351
2018-04-02,34.0,25.20221
2018-04-03,34.48,25.36114
2018-04-04,34.66,25.377785
2018-04-05,34.880001,25.990686
2018-04-06,34.23,25.477182
2018-04-09,34.299999,25.48493
2018-04-10,35.369999,26.29029
2018-04-11,35.200001,26.292976
2018-04-12,34.939999,26.245857
2018-04-13,34.98,26.382513
2018-04-16,35.080002,26.473606
2018-04-17,34.98,26.524775
2018-04-18,34.639999,26.174711
2018-04-19,34.220001,25.819809
2018-04-20,34.18,25.67622
2018-04-23,34.16,25.686806
2018-04-24,34.16,25.689362
2018-04-25,34.599998,25.898586
2018-04-26,34.759998,26.146416
2018-04-27,34.209999,26.0597
2018-04-30,34.360001,25.937437
2018-05-01,33.91,25.614887
2018-05-02,33.18,25.014761
2018-05-03,33.259998,24.894112
2018-05-04,33.470001,25.100237
2018-05-07,33.220001,25.066662
2018-05-08,33.139999,25.075075
2018-05-09,32.610001,24.536127
2018-05-10,32.82,24.747932
2018-05-11,33.080002,25.133423
2018-05-14,33.310001,25.379696
2018-05-15,32.849998,24.908459
2018-05-16,33.150002,25.045668
2018-05-17,33.099998,25.14971
2018-05-18,32.98,25.173397
2018-05-21,33.240002,25.213356
2018-05-22,33.049999,25.261251
2018-05-23,33.02,25.036995
2018-05-24,32.380001,24.521446
2018-05-25,32.040001,24.203568
2018-05-29,31.73,23.911678
2018-05-30,31.530001,23.69151
2018-05-31,31.76,23.845396
2018-06-01,32.009998,24.177347
2018-06-04,32.169998,24.41632
2018-06-05,31.950001,24.259857
2018-06-06,32.209999,24.395172
2018-06-07,32.130001,24.535267
2018-06-08,32.16,24.388498
2018-06-11,32.669998,24.78778
2018-06-12,32.16,24.586922
2018-06-13,32.400002,24.671501
2018-06-14,32.119999,24.652283
2018-06-15,31.82,24.28981
2018-06-18,31.67,24.03912
2018-06-19,31.290001,23.748829
2018-06-20,31.030001,23.680916
2018-06-21,30.65,23.30539
2018-06-22,30.540001,23.242613
2018-06-25,30.040001,22.654276
2018-06-26,30.120001,22.72494
2018-06-27,29.280001,22.073805
2018-06-28,29.309999,21.85374
2018-06-29,29.27,22.070976
2018-07-02,29.0,21.644306
2018-07-03,28.9,21.795284
2018-07-05,29.120001,21.874235
2018-07-06,29.190001,22.107355
2018-07-09,29.450001,22.278126
2018-07-10,29.610001,22.416805
2018-07-11,29.01,22.061745
2018-07-12,29.18,22.142103
2018-07-13,29.299999,22.258556
2018-07-16,29.15,22.176981
2018-07-17,29.639999,22.41517
2018-07-18,29.52,22.452728
2018-07-19,29.379999,22.25721
2018-07-20,29.190001,22.114853
2018-07-23,29.26,22.159527
2018-07-24,29.65,22.501968
2018-07-25,29.860001,22.421432
2018-07-26,29.99,22.855661
2018-07-27,30.33,22.968103
2018-07-30,30.43,23.006195
2018-07-31,30.66,23.2942
2018-08-01,30.6,23.31374
2018-08-02,30.110001,22.834827
2018-08-03,30.66,23.069874
2018-08-06,30.290001,23.213795
2018-08-07,30.73,23.493256
2018-08-08,30.73,23.516836
2018-08-09,30.24,23.243141
2018-08-10,30.09,22.842995
2018-08-13,29.690001,22.4431
2018-08-14,29.940001,22.64241
2018-08-15,29.43,22.093874
2018-08-16,29.790001,22.429487
2018-08-17,30.0,22.648323
2018-08-20,30.219999,22.824636
2018-08-21,30.33,22.964
2018-08-22,30.48,23.28413
2018-08-23,29.959999,22.765232
2018-08-24,29.68,22.601463
2018-08-27,30.43,22.996563
2018-08-28,30.48,23.282833
2018-08-29,30.540001,23.263947
2018-08-30,30.030001,22.841736
2018-08-31,29.629999,22.576715
2018-09-04,28.98,22.023493
2018-09-05,28.67,21.706219
2018-09-06,28.75,21.626606
2018-09-07,28.65,21.583254
2018-09-10,28.57,21.602062
2018-09-11,28.440001,21.380476
2018-09-12,28.16,21.180862
2018-09-13,28.6,21.666
2018-09-14,28.9,21.83632
2018-09-17,28.98,21.883629
2018-09-18,29.690001,22.327951
2018-09-19,30.280001,23.017542
2018-09-20,30.6,23.253096
2018-09-21,30.870001,23.526093
2018-09-24,30.66,23.326294
2018-09-25,30.73,23.513393
2018-09-26,30.299999,23.00423
2018-09-27,30.35,23.098034
2018-09-28,30.08,22.978321
2018-10-01,30.42,23.10185
2018-10-02,30.459999,23.229649
2018-10-03,29.370001,22.640781
2018-10-04,29.15,22.211826
2018-10-05,28.85,21.953793
2018-10-08,28.940001,21.690104
2018-10-09,28.280001,21.278078
2018-10-10,27.84,20.612015
2018-10-11,27.139999,19.945019
2018-10-12,27.209999,19.991673
2018-10-15,27.049999,19.79219
2018-10-16,27.700001,20.468441
2018-10-17,27.58,20.69003
2018-10-18,27.129999,20.263557
2018-10-19,27.17,20.067665
2018-10-22,27.08,20.130741
2018-10-23,27.18,19.573624
2018-10-24,26.040001,19.299166
2018-10-25,26.629999,19.069633
2018-10-26,26.75,19.162544
2018-10-29,26.700001,19.499657
2018-10-30,27.809999,19.838778
2018-10-31,28.5,20.96978
2018-11-01,28.84,21.223614
2018-11-02,28.43,21.238398
2018-11-05,28.6,21.048214
2018-11-06,29.299999,21.57668
2018-11-07,28.889999,21.5606
2018-11-08,28.459999,21.372797
2018-11-09,28.5,21.234543
2018-11-12,28.16,20.950264
2018-11-13,28.139999,20.87097
2018-11-14,28.299999,20.813171
2018-11-15,28.219999,20.71664
2018-11-16,28.209999,20.85077
2018-11-19,28.049999,20.801426
2018-11-20,27.6,20.248016
2018-11-21,27.93,20.577248
2018-11-23,27.76,20.393467
2018-11-26,28.290001,20.757502
2018-11-27,28.030001,20.920738
2018-11-28,28.040001,20.64785
2018-11-29,27.82,20.650627
2018-11-30,28.17,20.952072
2018-12-03,28.719999,21.574234
2018-12-04,27.68,20.735771
2018-12-06,27.25,19.810333
2018-12-07,26.889999,19.809498
2018-12-10,26.799999,19.505682
2018-12-11,26.77,19.750193
2018-12-12,27.26,20.08421
2018-12-13,27.23,20.123072
2018-12-14,26.91,19.84042
2018-12-17,26.540001,19.383835
2018-12-18,26.879999,19.551685
2018-12-19,26.76,19.699842
2018-12-20,26.51,19.185482
2018-12-21,25.9,19.052593
2018-12-24,25.469999,18.710075
2018-12-26,26.01,18.562733
2018-12-27,26.18,18.642807
2018-12-28,26.41,19.041668
2018-12-31,26.450001,19.10535
2019-01-02,26.48,18.979471
2019-01-03,26.120001,19.028116
2019-01-04,27.309999,19.554924
2019-01-07,27.82,20.136612
2019-01-08,28.48,20.982529
2019-01-09,28.700001,21.123201
2019-01-10,28.879999,21.103521
2019-01-11,29.27,21.606289
2019-01-14,29.43,21.646349
2019-01-15,29.440001,21.840857
2019-01-16,29.51,21.85743
2019-01-17,29.540001,21.796227
2019-01-18,29.76,22.08392
2019-01-22,29.51,21.730263
2019-01-23,29.299999,21.725275
2019-01-24,29.639999,21.829226
2019-01-25,30.01,22.338266
2019-01-28,29.889999,22.04435
2019-01-29,29.76,22.190973
2019-01-30,30.02,22.312817
2019-01-31,30.07,22.415241
2019-02-01,29.129999,22.132145
2019-02-04,28.42,21.465137
2019-02-05,28.030001,21.116007
2019-02-06,27.52,20.837801
2019-02-07,27.01,20.254955
2019-02-08,26.76,20.002163
2019-02-11,26.65,20.061337
2019-02-12,26.889999,20.139
2019-02-13,27.02,20.341358
2019-02-14,27.32,20.252287
2019-02-15,27.370001,20.395266
2019-02-19,27.559999,20.418459
2019-02-20,27.610001,20.685167
2019-02-21,27.73,20.957361
2019-02-22,28.17,21.21122
2019-02-25,28.389999,21.4572
2019-02-26,28.51,21.470932
2019-02-27,28.450001,21.54073
2019-02-28,28.27,21.40209
2019-03-01,28.35,21.61281
2019-03-04,27.700001,20.98668
2019-03-05,27.6,20.893173
2019-03-06,27.639999,20.83519
2019-03-07,27.1,20.385181
2019-03-08,27.049999,20.204828
2019-03-11,27.43,20.616133
2019-03-12,27.34,20.792107
2019-03-13,27.4,20.838093
2019-03-14,27.219999,20.61232
2019-03-15,27.450001,20.862526
2019-03-18,27.58,20.931374
2019-03-19,27.719999,21.072815
2019-03-20,27.459999,20.999107
2019-03-21,27.66,20.872963
2019-03-22,27.280001,20.50861
2019-03-25,27.120001,20.29085
2019-03-26,27.469999,20.729317
2019-03-27,27.16,20.496077
2019-03-28,27.299999,20.45826
2019-03-29,27.17,20.542374
2019-04-01,27.889999,20.943546
2019-04-02,28.0,21.215887
2019-04-03,28.139999,21.368591
2019-04-04,28.440001,21.526665
2019-04-05,28.450001,21.632004
2019-04-08,28.24,21.400156
2019-04-09,28.08,21.275564
2019-04-10,28.110001,21.210121
2019-04-11,27.74,20.850634
2019-04-12,27.91,21.190351
2019-04-15,27.969999,21.08268
2019-04-16,27.99,21.411451
2019-04-17,28.33,21.607807
2019-04-18,28.879999,22.02877
2019-04-22,28.35,21.598984
2019-04-23,28.51,21.687822
2019-04-24,27.68,20.947552
2019-04-25,27.77,20.978462
2019-04-26,27.98,21.19648
2019-04-29,28.01,21.222172
2019-04-30,27.889999,21.230265
2019-05-01,27.73,21.181831
2019-05-02,27.780001,21.325245
2019-05-03,27.959999,21.598234
2019-05-06,27.719999,21.13726
2019-05-07,27.6,20.702343
2019-05-08,26.75,19.733004
2019-05-09,26.02,19.395166
2019-05-10,26.09,19.649704
2019-05-13,25.42,18.90546
2019-05-14,25.620001,19.26294
2019-05-15,25.83,19.348322
2019-05-16,25.77,19.640081
2019-05-17,25.629999,19.594456
2019-05-20,25.530001,19.52251
2019-05-21,25.709999,19.760145
2019-05-22,25.540001,19.77649
2019-05-23,25.280001,19.409271
2019-05-24,25.440001,19.607716
2019-05-28,25.1,19.03885
2019-05-29,25.15,18.80307
2019-05-30,25.190001,19.080038
2019-05-31,24.610001,18.416027
2019-06-03,24.83,18.389008
2019-06-04,25.48,19.019882
2019-06-05,25.629999,19.587557
2019-06-06,25.450001,19.317097
2019-06-07,25.58,19.457287
2019-06-10,25.709999,19.540138
2019-06-11,25.959999,19.556602
2019-06-12,25.639999,19.488531
2019-06-13,25.74,19.31504
2019-06-14,25.34,19.20825
2019-06-17,25.559999,19.494463
2019-06-18,25.879999,19.723753
2019-06-19,25.809999,19.888405
2019-06-20,25.959999,19.86589
2019-06-21,25.84,19.752972
2019-06-24,25.84,19.70528
2019-06-25,25.75,19.456486
2019-06-26,25.51,19.35714
2019-06-27,25.84,19.541235
2019-06-28,25.84,19.68599
2019-07-01,26.120001,20.09425
2019-07-02,26.1,20.094475
2019-07-03,26.059999,20.129751
2019-07-05,26.16,19.990501
2019-07-08,26.190001,19.981752
2019-07-09,26.07,19.968582
2019-07-10,26.389999,20.365398
2019-07-11,26.26,20.386375
2019-07-12,26.48,20.489086
2019-07-15,26.540001,20.42207
2019-07-16,26.16,20.133183
2019-07-17,25.879999,19.812548
2019-07-18,25.76,19.734478
2019-07-19,25.879999,19.929817
2019-07-22,25.860001,20.080591
2019-07-23,26.200001,20.332413
2019-07-24,26.360001,20.674778
2019-07-25,26.030001,20.505234
2019-07-26,25.75,20.268944
2019-07-29,25.530001,20.150269
2019-07-30,25.32,19.871662
2019-07-31,24.879999,19.351395
2019-08-01,24.82,19.04873
2019-08-02,24.459999,18.750158
2019-08-05,24.1,17.957272
2019-08-06,24.139999,18.095922
2019-08-07,23.98,18.248564
2019-08-08,24.18,18.646944
2019-08-09,23.940001,18.49707
2019-08-12,23.73,17.956831
2019-08-13,23.709999,18.231836
2019-08-14,22.92,17.26089
2019-08-15,22.99,17.306366
2019-08-16,23.32,17.826435
2019-08-19,23.309999,18.101448
2019-08-20,23.200001,17.99506
2019-08-21,23.280001,18.198547
2019-08-22,23.209999,18.004353
2019-08-23,22.9,17.383677
2019-08-26,23.4,17.612154
2019-08-27,23.309999,17.516327
2019-08-28,23.459999,17.449066
2019-08-29,23.48,17.590603
2019-08-30,23.66,17.570532
2019-09-03,24.049999,17.5977
2019-09-04,24.33,17.93297
2019-09-05,24.780001,18.452177
2019-09-06,25.219999,19.089775
2019-09-09,25.559999,18.97474
2019-09-10,25.969999,19.321198
2019-09-11,26.540001,20.094896
2019-09-12,26.98,20.457134
2019-09-13,27.1,20.526834
2019-09-16,27.01,20.38545
2019-09-17,26.99,20.411673
2019-09-18,26.540001,20.302116
2019-09-19,26.65,20.2347
2019-09-20,26.68,20.237701
2019-09-23,26.67,20.044304
2019-09-24,26.26,19.753002
2019-09-25,26.5,19.966494
2019-09-26,26.610001,20.173534
2019-09-27,26.26,19.73882
2019-09-30,26.08,19.675524
2019-10-01,26.15,19.781021
2019-10-02,25.709999,18.95129
2019-10-03,25.73,18.863796
2019-10-04,25.950001,19.30394
2019-10-07,25.58,18.994072
2019-10-08,25.17,18.454958
2019-10-09,25.620001,18.882292
2019-10-10,25.76,19.083908
2019-10-11,26.33,19.694155
2019-10-14,26.24,19.795542
2019-10-15,26.780001,20.412848
2019-10-16,26.82,20.296698
2019-10-17,26.799999,20.332598
2019-10-18,26.690001,20.19942
2019-10-21,26.719999,20.113794
2019-10-22,26.620001,20.042534
2019-10-23,26.690001,20.328495
2019-10-24,26.83,20.34991
2019-10-25,27.049999,20.323944
2019-10-28,27.209999,20.52023
2019-10-29,27.48,20.726065
2019-10-30,27.42,20.722454
2019-10-31,26.969999,20.344112
2019-11-01,27.469999,20.694569
2019-11-04,27.68,20.812206
2019-11-05,27.809999,20.93259
2019-11-06,27.67,20.93561
2019-11-07,27.92,21.035294
2019-11-08,28.91,21.6377
2019-11-11,29.190001,22.07891
2019-11-12,29.219999,22.246195
2019-11-13,29.280001,22.26323
2019-11-14,28.84,21.806448
2019-11-15,29.0,22.00954
2019-11-18,28.83,21.883953
2019-11-19,28.74,21.82439
2019-11-20,28.42,21.551771
2019-11-21,28.440001,21.623634
2019-11-22,28.540001,21.667143
2019-11-25,28.950001,22.004288
2019-11-26,28.549999,21.687502
2019-11-27,28.709999,21.834688
2019-11-29,28.120001,21.225567
2019-12-02,28.07,21.162928
2019-12-03,28.1,20.96097
2019-12-04,28.52,21.375517
2019-12-05,28.67,21.584028
2019-12-06,29.01,21.909956
2019-12-09,28.75,21.581944
2019-12-10,28.76,21.53557
2019-12-11,28.860001,21.676613
2019-12-12,28.959999,21.59988
2019-12-13,29.219999,22.196629
2019-12-16,29.35,22.27985
2019-12-17,29.18,22.196587
2019-12-18,29.07,22.044645
2019-12-19,28.959999,21.956244
2019-12-20,28.91,21.990318
2019-12-23,28.82,21.77938
2019-12-24,28.66,21.67152
2019-12-26,28.76,21.807568
2019-12-27,28.58,21.698322
2019-12-30,28.27,21.311323
2019-12-31,28.309999,21.307625
2020-01-02,28.639999,21.66817
2020-01-03,28.129999,21.309315
2020-01-06,28.049999,20.942636
2020-01-07,28.209999,21.393147
2020-01-08,28.129999,21.198055
2020-01-09,28.030001,21.320095
2020-01-10,27.719999,21.147064
2020-01-13,28.040001,21.120445
2020-01-14,27.879999,21.208458
2020-01-15,27.610001,20.973442
2020-01-16,27.639999,20.925068
2020-01-17,27.780001,21.216352
2020-01-21,27.59,21.033052
2020-01-22,27.440001,20.930073
2020-01-23,27.41,20.860416
2020-01-24,26.889999,20.567738
2020-01-27,26.459999,19.718197
2020-01-28,26.49,19.830727
2020-01-29,26.549999,19.940596
2020-01-30,26.41,19.682087
2020-01-31,25.6,19.016304
2020-02-03,25.889999,19.132092
2020-02-04,26.07,19.486523
2020-02-05,26.309999,19.734184
2020-02-06,26.549999,19.98331
2020-02-07,26.49,19.946032
2020-02-10,26.719999,19.997906
2020-02-11,26.92,20.18856
2020-02-12,27.16,20.398869
2020-02-13,27.08,20.389257
2020-02-14,26.780001,20.470932
2020-02-18,27.049999,20.517536
2020-02-19,27.08,20.4959
2020-02-20,27.33,20.596321
2020-02-21,27.049999,20.352436
2020-02-24,26.040001,18.771612
2020-02-25,25.860001,18.887932
2020-02-26,26.34,19.198069
2020-02-27,25.92,19.214272
2020-02-28,25.66,18.526278
2020-03-02,25.950001,18.657907
2020-03-03,25.58,18.947342
2020-03-04,25.98,18.871468
2020-03-05,25.780001,19.324299
2020-03-06,25.07,19.084671
2020-03-09,23.299999,18.887505
2020-03-10,24.27,18.566418
2020-03-11,23.559999,18.777771
2020-03-12,21.450001,19.935951
2020-03-13,21.98,17.713518
2020-03-16,20.26,19.43728
2020-03-17,21.280001,18.730135
2020-03-18,20.969999,19.15446
2020-03-19,21.139999,18.77434
2020-03-20,20.74,18.333012
2020-03-23,19.860001,17.018095
2020-03-24,21.74,18.176727
2020-03-25,22.780001,19.166765
2020-03-26,23.68,19.465641
2020-03-27,23.09,20.019245
2020-03-30,23.41,18.95396
2020-03-31,22.459999,18.03356
2020-04-01,21.08,17.798893
2020-04-02,20.879999,16.50959
2020-04-03,19.860001,15.478777
2020-04-06,21.48,16.160908
2020-04-07,21.700001,17.49322
2020-04-08,22.129999,17.013544
2020-04-09,22.33,17.28697
2020-04-13,21.91,17.01458
2020-04-14,22.040001,16.763939
2020-04-15,21.41,16.526493
2020-04-16,21.01,16.060097
2020-04-17,22.629999,16.872545
2020-04-20,22.33,17.420795
2020-04-21,21.780001,17.162062
2020-04-22,21.860001,17.085524
2020-04-23,22.48,17.18344
2020-04-24,22.73,16.893372
2020-04-27,23.57,17.30695
2020-04-28,23.33,17.389143
2020-04-29,23.889999,17.663086
2020-04-30,24.049999,17.876913
2020-05-01,22.940001,17.228735
2020-05-04,22.709999,16.999708
2020-05-05,22.870001,17.150873
2020-05-06,22.85,17.225058
2020-05-07,22.790001,16.917934
2020-05-08,23.969999,17.641079
2020-05-11,23.98,17.904097
2020-05-12,22.709999,17.033752
2020-05-13,23.049999,17.277227
2020-05-14,22.67,16.531025
2020-05-15,22.940001,16.858332
2020-05-18,23.870001,17.430634
2020-05-19,23.700001,17.55865
2020-05-20,24.110001,17.71005
2020-05-21,23.73,17.518677
2020-05-22,23.610001,17.423637
2020-05-26,25.99,20.81074
2020-05-27,26.57,19.973501
2020-05-28,26.860001,21.476116
2020-05-29,26.049999,19.190712
2020-06-01,26.370001,19.300688
2020-06-02,26.469999,19.4499
2020-06-03,27.0,19.709236
2020-06-04,26.93,19.792973
2020-06-05,27.98,20.801388
2020-06-08,28.09,20.592167
2020-06-09,27.799999,20.435472
2020-06-10,27.93,20.595879
2020-06-11,25.790001,19.98959
2020-06-12,26.41,19.428879
2020-06-15,26.33,19.01831
2020-06-16,27.299999,20.34545
2020-06-17,27.219999,20.43569
2020-06-18,27.27,20.313522
2020-06-19,26.75,20.132305
2020-06-22,26.950001,19.958775
2020-06-23,26.99,20.075954
2020-06-24,26.290001,19.723663
2020-06-25,26.25,19.111696
2020-06-26,25.33,18.941652
2020-06-29,25.58,18.809107
2020-06-30,25.559999,18.886131
2020-07-01,25.370001,18.621668
2020-07-02,25.83,19.087698
2020-07-06,26.15,19.266855
2020-07-07,25.67,19.170845
2020-07-08,25.370001,18.728064
2020-07-09,25.02,18.65927
2020-07-10,25.280001,18.632992
2020-07-13,25.82,19.215437
2020-07-14,25.950001,19.172665
2020-07-15,26.5,19.568804
2020-07-16,26.440001,19.57958
2020-07-17,26.23,19.408663
2020-07-20,26.219999,19.310436
2020-07-21,25.870001,19.295889
2020-07-22,25.969999,19.17004
2020-07-23,25.879999,19.193356
2020-07-24,25.73,19.109262
2020-07-27,26.120001,19.277397
2020-07-28,25.809999,19.068886
2020-07-29,25.799999,19.059143
2020-07-30,25.309999,18.610483
2020-07-31,24.35,18.283602
2020-08-03,25.08,18.43157
2020-08-04,25.959999,19.236734
2020-08-05,25.610001,19.113976
2020-08-06,25.24,18.80932
2020-08-07,24.67,18.54115
2020-08-10,24.879999,18.82792
2020-08-11,25.59,19.174992
2020-08-12,25.91,19.382187
2020-08-13,25.59,19.129974
2020-08-14,25.43,18.951591
2020-08-17,25.74,19.589005
2020-08-18,25.57,19.17186
2020-08-19,25.52,19.095171
2020-08-20,25.02,18.752106
2020-08-21,24.93,18.654837
2020-08-24,25.17,18.782341
2020-08-25,25.469999,19.075233
2020-08-26,25.719999,19.188396
2020-08-27,25.360001,19.040031
2020-08-28,25.709999,19.129263
2020-08-31,25.58,19.06544
2020-09-01,25.440001,18.974705
2020-09-02,25.469999,18.995956
2020-09-03,25.290001,19.070507
2020-09-04,26.01,19.349154
2020-09-08,25.35,18.82628
2020-09-09,25.290001,18.70151
2020-09-10,24.93,18.723742
2020-09-11,25.049999,18.589754
2020-09-14,25.34,18.897995
2020-09-15,25.540001,19.051804
2020-09-16,24.969999,18.68715
2020-09-17,24.93,18.497797
2020-09-18,24.719999,18.587898
2020-09-21,24.219999,18.040731
2020-09-22,24.370001,18.099768
2020-09-23,24.049999,18.16512
2020-09-24,23.34,17.416895
2020-09-25,23.440001,17.48402
2020-09-28,23.66,17.660778
2020-09-29,23.379999,17.47756
2020-09-30,23.700001,17.648224
2020-10-01,23.700001,17.653545
2020-10-02,24.120001,17.771532
2020-10-05,24.42,18.26862
2020-10-06,24.48,18.42309
2020-10-07,24.809999,18.615507
2020-10-08,24.68,18.455404
2020-10-09,24.379999,18.36838
2020-10-12,24.209999,18.131124
2020-10-13,24.08,18.09528
2020-10-14,24.0,18.003464
2020-10-15,24.059999,17.892464
2020-10-16,24.24,18.137945
2020-10-19,24.42,18.303818
2020-10-20,24.51,18.325138
2020-10-21,24.809999,18.699081
2020-10-22,24.610001,18.514706
2020-10-23,24.790001,18.50914
2020-10-26,24.459999,18.54759
2020-10-27,24.120001,18.226696
2020-10-28,23.26,18.148638
2020-10-29,23.809999,18.226519
2020-10-30,23.620001,18.160389
2020-11-02,24.23,18.481428
2020-11-03,24.49,18.537992
2020-11-04,24.360001,18.185997
2020-11-05,24.860001,18.43729
2020-11-06,26.360001,19.475012
2020-11-09,27.549999,20.739864
2020-11-10,28.059999,20.896482
2020-11-11,28.360001,21.27469
2020-11-12,27.780001,20.75322
2020-11-13,28.209999,20.790379
2020-11-16,29.48,21.849272
2020-11-17,29.190001,21.801352
2020-11-18,28.58,21.337608
2020-11-19,28.450001,21.18006
2020-11-20,28.780001,21.438631
2020-11-23,29.110001,21.78352
2020-11-24,29.73,22.151756
2020-11-25,29.35,21.79177
2020-11-27,28.75,21.568521
2020-11-30,27.719999,21.056625
2020-12-01,28.360001,21.128479
2020-12-02,29.129999,21.77619
2020-12-03,29.35,22.161991
2020-12-04,30.18,22.542198
2020-12-07,29.809999,22.453089
2020-12-08,29.68,22.291481
2020-12-09,29.969999,22.478748
2020-12-10,29.559999,22.224642
2020-12-11,29.34,21.924664
2020-12-14,29.24,21.961647
2020-12-15,29.65,22.219624
2020-12-16,29.459999,22.232006
2020-12-17,29.32,22.129421
2020-12-18,29.75,22.343197
2020-12-21,29.0,21.575865
2020-12-22,28.809999,21.642712
2020-12-23,28.690001,21.240011
2020-12-24,28.559999,21.527664
2020-12-28,28.4,21.38724
2020-12-29,28.219999,21.215807
2020-12-30,28.16,21.076302
2020-12-31,28.25,21.218254
2021-01-04,27.76,20.951982
2021-01-05,27.6,20.65224
2021-01-06,28.24,21.12679
2021-01-07,28.17,21.187832
2021-01-08,28.18,21.253433
2021-01-11,28.15,21.025932
2021-01-12,28.0,20.975714
2021-01-13,28.030001,21.155514
2021-01-14,28.25,21.204506
2021-01-15,27.4,20.60598
2021-01-19,27.48,20.667242
2021-01-20,27.950001,20.981869
2021-01-21,28.25,21.220398
2021-01-22,27.59,20.861656
2021-01-25,27.24,20.549866
2021-01-26,27.379999,20.68066
2021-01-27,26.82,20.512318
2021-01-28,26.950001,20.344276
2021-01-29,26.48,20.17443
2021-02-01,26.51,20.06443
2021-02-02,26.85,20.255058
2021-02-03,27.65,20.701557
2021-02-04,27.809999,20.943748
2021-02-05,28.190001,21.268312
2021-02-08,28.76,21.667873
2021-02-09,29.639999,22.0789
2021-02-10,29.639999,22.553722
2021-02-11,29.58,22.374943
2021-02-12,29.16,21.992823
2021-02-16,28.98,21.967482
2021-02-17,29.200001,22.018032
2021-02-18,28.700001,21.798729
2021-02-19,28.49,21.605896
2021-02-22,27.889999,21.313335
2021-02-23,28.040001,21.187958
2021-02-24,28.799999,23.101202
2021-02-25,28.209999,21.639294
2021-02-26,27.67,21.049885
2021-03-01,28.48,21.444801
2021-03-02,28.4,21.418911
2021-03-03,28.879999,21.87365
2021-03-04,28.6,21.610138
2021-03-05,29.389999,21.940214
2021-03-08,29.48,22.214996
2021-03-09,30.02,22.645359
2021-03-10,29.98,22.516636
2021-03-11,29.67,22.413906
2021-03-12,29.77,22.393112
2021-03-15,30.540001,22.959003
2021-03-16,30.57,23.265627
2021-03-17,30.639999,23.071106
2021-03-18,30.690001,23.21666
2021-03-19,31.85,23.839195
2021-03-22,30.93,23.478174
2021-03-23,30.030001,22.862637
2021-03-24,30.139999,22.721819
2021-03-25,30.25,22.74248
2021-03-26,30.450001,23.127201
2021-03-29,30.24,23.026901
2021-03-30,30.33,22.929016
2021-03-31,30.200001,22.955055
2021-04-01,30.07,22.961676
2021-04-05,30.43,23.063688
2021-04-06,29.610001,22.3397
2021-04-07,29.92,22.658352
2021-04-08,29.469999,22.608107
2021-04-09,29.68,22.549017
2021-04-12,29.780001,22.766453
2021-04-13,29.91,22.894173
2021-04-14,30.389999,23.130062
2021-04-15,30.59,23.457588
2021-04-16,30.67,23.601208
2021-04-19,30.68,23.688671
2021-04-20,29.889999,23.025524
2021-04-21,30.049999,22.837137
2021-04-22,30.24,22.924994
2021-04-23,30.43,23.08576
2021-04-26,30.52,23.56268
2021-04-27,30.18,23.056091
2021-04-28,30.4,23.149527
2021-04-29,30.370001,24.287998
2021-04-30,29.82,22.94469
2021-05-03,30.1,22.96767
2021-05-04,29.889999,22.952808
2021-05-05,30.280001,23.067295
2021-05-06,30.66,23.286098
2021-05-07,30.93,23.729713
2021-05-10,31.299999,24.140842
2021-05-11,30.52,23.45959
2021-05-12,29.85,23.030695
2021-05-13,30.51,22.896473
2021-05-14,30.25,23.148907
2021-05-17,29.9,22.647778
2021-05-18,30.51,23.255363
2021-05-19,30.360001,23.006771
2021-05-20,30.629999,23.174763
2021-05-21,30.98,23.553473
2021-05-24,31.1,23.765831
2021-05-25,30.379999,23.402782
2021-05-26,30.48,23.168705
2021-05-27,30.98,23.524511
2021-05-28,31.26,24.016611
2021-06-01,31.129999,23.61351
2021-06-02,32.310001,24.502626
2021-06-03,33.060001,24.890474
2021-06-04,33.200001,25.388561
2021-06-07,32.860001,25.368826
2021-06-08,32.869999,25.29256
2021-06-09,32.830002,25.270514
2021-06-10,32.740002,25.302494
2021-06-11,33.139999,25.41755
2021-06-14,32.610001,25.17151
2021-06-15,32.799999,25.35738
2021-06-16,32.799999,25.330936
2021-06-17,32.529999,25.172005
2021-06-18,31.709999,24.319817
2021-06-21,31.700001,23.913479
2021-06-22,31.719999,24.450336
2021-06-23,31.639999,24.340439
2021-06-24,32.040001,24.652918
2021-06-25,32.470001,25.025852
2021-06-28,32.700001,25.07464
2021-06-29,32.52,25.080803
2021-06-30,32.18,24.98069
2021-07-01,32.27,24.932117
2021-07-02,32.330002,25.15564
2021-07-06,32.02,24.856028
2021-07-07,32.07,24.831173
2021-07-08,31.379999,24.192547
2021-07-09,32.040001,24.574184
2021-07-12,32.349998,25.000813
2021-07-13,32.41,25.194342
2021-07-14,32.540001,25.282299
2021-07-15,32.07,24.866901
2021-07-16,31.65,24.74678
2021-07-19,31.07,23.833183
2021-07-20,31.52,23.951473
2021-07-21,31.67,24.410984
2021-07-22,31.309999,24.38919
2021-07-23,31.440001,24.401337
2021-07-26,31.49,24.390865
2021-07-27,31.280001,24.218914
2021-07-28,31.83,24.447315
2021-07-29,32.360001,25.019386
2021-07-30,32.099998,24.841583
2021-08-02,32.529999,25.046001
2021-08-03,32.860001,25.266161
2021-08-04,33.150002,25.527847
2021-08-05,33.150002,25.724487
2021-08-06,33.290001,25.945156
2021-08-09,33.259998,25.935148
2021-08-10,32.799999,25.498272
2021-08-11,33.119999,25.788126
2021-08-12,32.75,25.62088
2021-08-13,32.540001,25.515194
2021-08-16,32.41,25.158216
2021-08-17,31.780001,24.880554
2021-08-18,31.559999,24.596111
2021-08-19,30.74,23.871548
2021-08-20,29.799999,23.235596
2021-08-23,30.110001,23.3517
2021-08-24,30.200001,23.46825
2021-08-25,30.1,23.40863
2021-08-26,29.389999,22.96042
2021-08-27,29.85,23.062498
2021-08-30,29.879999,23.324936
2021-08-31,30.26,23.462965
2021-09-01,30.450001,23.716196
2021-09-02,30.459999,23.803646
2021-09-03,30.82,23.841223
2021-09-07,31.129999,24.142855
2021-09-08,31.18,24.183887
2021-09-09,30.91,24.140556
2021-09-10,30.83,23.94884
2021-09-13,31.02,23.929884
2021-09-14,30.950001,24.181961
2021-09-15,31.16,24.027626
2021-09-16,31.200001,24.21379
2021-09-17,30.98,24.081825
2021-09-20,30.4,23.299265
2021-09-21,30.549999,23.478455
2021-09-22,30.52,23.410023
2021-09-23,30.799999,23.743227
2021-09-24,30.950001,23.978275
2021-09-27,31.469999,24.089935
2021-09-28,31.200001,24.096752
2021-09-29,31.6,24.22956
2021-09-30,30.67,23.834652
2021-10-01,30.68,23.600506
2021-10-04,30.370001,23.467731
2021-10-05,30.559999,23.368404
2021-10-06,29.82,22.975729
2021-10-07,30.219999,23.17376
2021-10-08,30.35,23.299778
2021-10-11,30.42,23.4954
2021-10-12,30.16,23.298103
2021-10-13,30.059999,23.225609
2021-10-14,30.26,23.463675
2021-10-15,30.790001,23.705643
2021-10-18,30.709999,23.942347
2021-10-19,30.57,23.868378
2021-10-20,30.459999,23.85606
2021-10-21,29.92,23.45491
2021-10-22,29.92,23.346107
2021-10-25,30.0,23.449734
2021-10-26,29.559999,23.209824
2021-10-27,29.190001,22.811535
2021-10-28,29.700001,22.975239
2021-10-29,29.58,22.968777
2021-11-01,30.41,23.511929
2021-11-02,30.27,23.622585
2021-11-03,30.280001,23.751158
2021-11-04,30.74,24.022749
2021-11-05,29.700001,23.302036
2021-11-08,29.549999,22.962942
2021-11-09,29.35,22.955551
2021-11-10,28.700001,22.975113
2021-11-11,28.65,22.746115
2021-11-12,29.1,22.56494
2021-11-15,29.23,22.85754
2021-11-16,28.83,22.703312
2021-11-17,28.370001,22.296354
2021-11-18,28.129999,22.219364
2021-11-19,28.98,22.784637
2021-11-22,29.01,22.774635
2021-11-23,29.040001,22.819448
2021-11-24,28.559999,22.270245
2021-11-26,27.98,21.93876
2021-11-29,27.59,21.66356
2021-11-30,27.370001,21.45589
2021-12-01,27.73,21.91768
2021-12-02,28.41,21.978067
2021-12-03,28.219999,22.082531
2021-12-06,28.33,22.140308
2021-12-07,28.889999,22.442345
2021-12-08,28.42,22.370079
2021-12-09,28.110001,22.00394
2021-12-10,28.469999,22.202883
2021-12-13,27.77,22.022339
2021-12-14,28.0,21.888428
2021-12-15,28.24,22.06909
2021-12-16,28.15,22.099585
2021-12-17,27.860001,21.948906
2021-12-20,27.360001,21.296223
2021-12-21,27.5,21.359013
2021-12-22,27.57,21.397202
2021-12-23,28.08,21.810366
2021-12-27,28.209999,21.999893
2021-12-28,28.200001,22.117846
2021-12-29,28.18,22.179115
2021-12-30,28.24,22.088112
2021-12-31,28.450001,22.20199
2022-01-03,28.82,22.464863
2022-01-04,29.49,22.89193
2022-01-05,29.27,23.052038
2022-01-06,29.73,23.06352
2022-01-07,29.75,23.138556
2022-01-10,29.67,23.075611
2022-01-11,30.34,23.542597
2022-01-12,30.639999,23.915733
2022-01-13,30.889999,23.945526
2022-01-14,30.690001,23.710247
2022-01-18,30.41,23.639069
2022-01-19,29.780001,23.431963
2022-01-20,29.469999,23.075146
2022-01-21,29.780001,23.276178
2022-01-24,29.530001,22.719282
2022-01-25,29.82,22.873396
2022-01-26,29.360001,22.839283
2022-01-27,28.99,22.597252
2022-01-28,29.0,22.329119
2022-01-31,29.549999,22.564026
2022-02-01,29.18,22.485096
2022-02-02,29.77,23.012932
2022-02-03,29.85,23.17095
2022-02-04,29.610001,22.88938
2022-02-07,29.549999,22.873602
2022-02-08,29.6,22.883224
2022-02-09,30.5,23.427702
2022-02-10,30.76,23.967047
2022-02-11,30.459999,23.671013
2022-02-14,30.66,23.753187
2022-02-15,31.719999,24.259388
2022-02-16,31.969999,24.666288
2022-02-17,31.559999,24.437084
2022-02-18,31.870001,24.447075
2022-02-22,31.18,24.100586
2022-02-23,30.77,23.88724
2022-02-24,30.57,23.419369
2022-02-25,31.049999,23.754543
2022-02-28,30.559999,23.505358
2022-03-01,29.82,23.265482
2022-03-02,29.610001,22.90398
2022-03-03,28.83,22.505983
2022-03-04,28.01,21.949093
2022-03-07,26.68,20.985655
2022-03-08,26.389999,20.470772
2022-03-09,27.27,20.94312
2022-03-10,27.18,20.948866
2022-03-11,26.450001,20.711802
2022-03-14,26.66,20.582827
2022-03-15,27.16,20.74865
2022-03-16,28.280001,21.549212
2022-03-17,28.24,21.750359
2022-03-18,28.32,21.709465
2022-03-21,28.23,21.849918
2022-03-22,28.51,22.045872
2022-03-23,28.370001,22.01405
2022-03-24,28.48,21.939798
2022-03-25,28.440001,21.948402
2022-03-28,28.200001,21.944191
2022-03-29,29.049999,22.713112
2022-03-30,28.540001,22.43898
2022-03-31,28.26,22.255465
2022-04-01,28.299999,22.01059
2022-04-04,28.469999,22.181816
2022-04-05,27.42,21.886353
2022-04-06,26.84,20.963871
2022-04-07,25.99,20.82896
2022-04-08,26.059999,20.549908
2022-04-11,26.040001,20.265446
2022-04-12,25.68,20.110632
2022-04-13,25.969999,20.05838
2022-04-14,25.75,20.1191
2022-04-18,25.91,20.011234
2022-04-19,26.219999,20.284908
2022-04-20,26.76,20.97211
2022-04-21,26.450001,20.773203
2022-04-22,25.93,20.179901
2022-04-25,26.459999,20.295086
2022-04-26,25.83,20.123255
2022-04-27,25.690001,19.733465
2022-04-28,26.450001,20.220583
2022-04-29,26.25,20.279663
2022-05-02,26.26,19.80428
2022-05-03,26.58,20.030663
2022-05-04,27.120001,20.415855
2022-05-05,26.35,20.24767
2022-05-06,26.68,20.199823
2022-05-09,25.700001,19.70124
2022-05-10,25.629999,19.487614
2022-05-11,24.73,19.125957
2022-05-12,25.09,18.826166
2022-05-13,25.629999,19.427706
2022-05-16,24.639999,19.06967
2022-05-17,25.200001,19.175789
2022-05-18,24.540001,18.784231
2022-05-19,25.01,18.610037
2022-05-20,25.02,18.829868
2022-05-23,25.26,18.966682
2022-05-24,24.950001,18.733429
2022-05-25,24.57,18.506525
2022-05-26,24.959999,18.814993
2022-05-27,25.15,19.022976
2022-05-31,24.9,18.922937
2022-06-01,25.440001,19.55257
2022-06-02,25.84,19.364624
2022-06-03,24.959999,19.069525
2022-06-06,25.23,19.15432
2022-06-07,25.59,19.303272
2022-06-08,25.190001,19.113747
2022-06-09,25.280001,19.050812
2022-06-10,24.700001,18.834776
2022-06-13,23.98,18.03499
2022-06-14,24.469999,18.001907
2022-06-15,24.92,18.297958
2022-06-16,24.309999,17.90002
2022-06-17,24.35,18.107813
2022-06-21,25.02,18.25599
2022-06-22,25.129999,18.270212
2022-06-23,24.84,18.4902
2022-06-24,25.040001,18.415894
2022-06-27,24.440001,18.590555
2022-06-28,24.780001,18.771616
2022-06-29,24.459999,18.148958
2022-06-30,24.15,18.012028
2022-07-01,24.209999,17.941132
2022-07-05,23.610001,17.904343
2022-07-06,23.4,17.471571
2022-07-07,24.08,17.99955
2022-07-08,24.16,17.896776
2022-07-11,23.92,17.729963
2022-07-12,24.040001,17.563688
2022-07-13,24.42,17.701958
2022-07-14,24.129999,17.588978
2022-07-15,24.620001,18.030588
2022-07-18,24.75,18.491533
2022-07-19,25.5,18.85176
2022-07-20,25.33,19.121616
2022-07-21,25.639999,18.750875
2022-07-22,25.459999,19.000034
2022-07-25,25.620001,18.893463
2022-07-26,25.27,18.440916
2022-07-27,25.389999,18.73622
2022-07-28,25.85,19.23402
2022-07-29,25.719999,19.346142
2022-08-01,26.379999,19.42593
2022-08-02,26.02,19.481936
2022-08-03,25.82,19.226967
2022-08-04,25.360001,19.040588
2022-08-05,25.02,18.551456
2022-08-08,25.23,18.572412
2022-08-09,24.99,18.672937
2022-08-10,26.790001,19.5404
2022-08-11,27.0,20.192728
2022-08-12,27.040001,20.276787
2022-08-15,27.23,20.465939
2022-08-16,26.950001,20.336784
2022-08-17,27.25,20.440865
2022-08-18,27.190001,20.36268
2022-08-19,27.049999,20.230299
2022-08-22,26.66,19.745441
2022-08-23,26.629999,19.58767
2022-08-24,26.93,19.782383
2022-08-25,27.030001,19.914371
2022-08-26,26.34,19.626621
2022-08-29,26.799999,19.498585
2022-08-30,26.65,19.54296
2022-08-31,26.52,19.556906
2022-09-01,26.120001,19.120457
2022-09-02,26.17,19.240606
2022-09-06,25.57,18.953085
2022-09-07,25.77,18.796907
2022-09-08,25.549999,19.119024
2022-09-09,25.950001,19.366272
2022-09-12,26.08,19.338419
2022-09-13,25.190001,19.098204
2022-09-14,25.040001,18.690311
2022-09-15,24.790001,18.258171
2022-09-16,24.57,18.07339
2022-09-19,24.84,18.227905
2022-09-20,24.389999,18.30239
2022-09-21,23.799999,17.903854
2022-09-22,23.950001,17.98108
2022-09-23,23.52,17.606724
2022-09-26,22.809999,17.097887
2022-09-27,22.84,17.210995
2022-09-28,22.93,16.74513
2022-09-29,22.190001,16.94681
2022-09-30,21.59,16.295975
2022-10-03,22.379999,16.531794
2022-10-04,22.940001,17.073336
2022-10-05,22.639999,16.906445
2022-10-06,22.52,16.728203
2022-10-07,22.309999,16.629728
2022-10-10,22.07,16.395988
2022-10-11,21.92,16.440044
2022-10-12,21.76,16.230057
2022-10-13,22.299999,16.250883
2022-10-14,22.02,16.52422
2022-10-17,22.200001,16.492977
2022-10-18,21.940001,16.584938
2022-10-19,21.77,16.083101
2022-10-20,21.67,16.142975
2022-10-21,22.0,16.087465
2022-10-24,22.02,16.327518
2022-10-25,22.52,16.924124
2022-10-26,22.780001,16.973991
2022-10-27,22.59,16.85661
2022-10-28,22.83,16.83108
2022-10-31,22.82,16.854223
2022-11-01,22.969999,17.107025
2022-11-02,22.969999,17.552984
2022-11-03,22.870001,17.110441
2022-11-04,23.450001,17.381626
2022-11-07,23.49,17.587551
2022-11-08,23.690001,17.646965
2022-11-09,22.360001,17.006563
2022-11-10,23.440001,17.565657
2022-11-11,23.98,18.052803
2022-11-14,23.6,17.865881
2022-11-15,23.790001,17.913073
2022-11-16,23.540001,17.723894
2022-11-17,23.58,17.498323
2022-11-18,23.780001,17.924986
2022-11-21,23.65,18.00378
2022-11-22,23.98,18.285666
2022-11-23,24.110001,18.412857
2022-11-25,24.43,18.730871
2022-11-28,24.209999,18.492735
2022-11-29,24.1,18.326124
2022-11-30,24.5,18.690763
2022-12-01,24.6,19.104446
2022-12-02,24.17,18.778355
2022-12-05,23.790001,18.362997
2022-12-06,23.700001,18.087963
2022-12-07,23.85,18.15167
2022-12-08,23.889999,18.429588
2022-12-09,23.940001,18.378147
2022-12-12,24.02,18.02474
2022-12-13,24.32,18.81228
2022-12-14,24.07,18.79487
2022-12-15,23.780001,18.45287
2022-12-16,23.57,18.157806
2022-12-19,23.49,18.163095
2022-12-20,23.450001,18.415861
2022-12-21,22.959999,18.034138
2022-12-22,22.940001,17.754166
2022-12-23,23.120001,17.921701
2022-12-27,22.92,17.671942
2022-12-28,22.35,17.445969
2022-12-29,22.9,17.521189
2022-12-30,22.860001,17.613485
2023-01-03,23.27,17.5148
2023-01-04,23.49,17.993855
2023-01-05,23.27,17.601948
2023-01-06,23.959999,18.369066
2023-01-09,24.129999,18.492222
2023-01-10,24.08,18.723919
2023-01-11,23.889999,18.507952
2023-01-12,24.1,18.797804
2023-01-13,23.58,18.558418
2023-01-17,23.98,18.657358
2023-01-18,23.799999,18.716093
2023-01-19,23.66,18.40621
2023-01-20,23.950001,18.483622
2023-01-23,24.16,18.474913
2023-01-24,23.950001,18.625652
2023-01-25,24.09,18.551838
2023-01-26,24.27,18.883062
2023-01-27,24.59,19.171356
2023-01-30,24.34,18.827862
2023-01-31,24.82,19.11192
2023-02-01,25.309999,19.722668
2023-02-02,25.190001,19.539478
2023-02-03,24.6,19.090588
2023-02-06,24.6,18.879827
2023-02-07,24.860001,19.183117
2023-02-08,24.41,18.946407
2023-02-09,24.540001,18.83579
2023-02-10,25.129999,18.82352
2023-02-13,25.440001,19.22881
2023-02-14,25.200001,19.378275
2023-02-15,25.219999,19.484913
2023-02-16,25.309999,19.355621
2023-02-17,25.540001,19.369772
2023-02-21,25.9,19.682894
2023-02-22,25.82,19.376047
2023-02-23,25.889999,19.629463
2023-02-24,25.75,19.249084
2023-02-27,26.17,19.736523
2023-02-28,25.969999,19.619263
2023-03-01,26.209999,19.79276
2023-03-02,26.09,19.738781
2023-03-03,26.700001,20.297667
2023-03-06,26.6,20.571945
2023-03-07,26.4,20.484098
2023-03-08,26.549999,20.670916
2023-03-09,26.4,20.138618
2023-03-10,26.26,19.812075
2023-03-13,25.719999,19.022041
2023-03-14,25.41,18.86585
2023-03-15,24.889999,18.314346
2023-03-16,25.5,18.849684
2023-03-17,24.93,18.609602
2023-03-20,25.25,18.711456
2023-03-21,25.530001,19.332615
2023-03-22,25.530001,19.282284
2023-03-23,25.639999,19.281593
2023-03-24,25.700001,19.245396
2023-03-27,25.870001,19.57426
2023-03-28,25.860001,19.563152
2023-03-29,26.129999,19.887312
2023-03-30,26.219999,20.181444
2023-03-31,26.49,20.26421
2023-04-03,26.790001,20.459812
2023-04-04,26.92,20.60379
2023-04-05,26.58,20.3138
2023-04-06,26.129999,20.25475
2023-04-10,26.360001,19.973164
2023-04-11,26.52,20.355898
2023-04-12,26.440001,20.391403
2023-04-13,26.57,20.640617
2023-04-14,26.1,20.324295
2023-04-17,26.4,20.356876
2023-04-18,26.379999,20.67449
2023-04-19,26.18,20.632528
2023-04-20,25.959999,20.099058
2023-04-21,25.92,20.18021
2023-04-24,26.15,20.202415
2023-04-25,25.870001,19.942963
2023-04-26,25.799999,19.831566
2023-04-27,26.49,20.335838
2023-04-28,26.58,20.532866
2023-05-01,26.389999,20.62797
2023-05-02,26.17,20.1802
2023-05-03,26.190001,20.131931
2023-05-04,26.030001,19.649006
2023-05-05,26.75,20.234434
2023-05-08,26.790001,20.641895
2023-05-09,26.969999,20.522356
2023-05-10,27.02,20.619446
2023-05-11,27.59,20.93549
2023-05-12,27.75,21.295813
2023-05-15,27.6,20.938274
2023-05-16,27.9,21.117355
2023-05-17,28.219999,21.496471
2023-05-18,28.290001,21.568302
2023-05-19,28.200001,21.42879
2023-05-22,28.559999,21.780909
2023-05-23,28.370001,21.504889
2023-05-24,28.23,21.318438
2023-05-25,28.74,21.570646
2023-05-26,28.67,21.503258
2023-05-30,28.870001,21.847763
2023-05-31,28.41,21.444986
2023-06-01,28.84,21.700804
2023-06-02,29.59,22.436764
2023-06-05,29.83,22.763338
2023-06-06,30.719999,23.15261
2023-06-07,29.93,22.72853
2023-06-08,30.030001,22.62999
2023-06-09,30.74,23.52153
2023-06-12,31.049999,23.589619
2023-06-13,31.809999,24.334251
2023-06-14,32.48,25.025572
2023-06-15,32.0,24.970934
2023-06-16,31.32,24.575583
2023-06-20,30.469999,23.712599
2023-06-21,31.120001,24.036125
2023-06-22,30.959999,23.804127
2023-06-23,30.15,23.110455
2023-06-26,29.959999,23.064213
2023-06-27,30.219999,22.975006
2023-06-28,30.549999,23.534443
2023-06-29,30.370001,23.299343
2023-06-30,30.309999,23.401587
2023-07-03,30.67,23.634277
2023-07-05,30.450001,23.448387
2023-07-06,30.1,22.93372
2023-07-07,30.18,23.063934
2023-07-10,29.85,22.748142
2023-07-11,29.940001,22.76446
2023-07-12,30.25,23.280397
2023-07-13,30.389999,23.316607
2023-07-14,30.23,23.17322
2023-07-17,30.16,23.095943
2023-07-18,30.75,23.342255
2023-07-19,30.98,23.792133
2023-07-20,30.92,23.551428
2023-07-21,31.18,23.863605
2023-07-24,31.57,24.003838
2023-07-25,31.610001,24.1154
2023-07-26,31.540001,24.139515
2023-07-27,31.530001,24.273962
2023-07-28,31.790001,24.444443
2023-07-31,31.92,24.399069
2023-08-01,31.93,24.529373
2023-08-02,31.469999,23.942396
2023-08-03,30.790001,23.181755
2023-08-04,30.85,23.321835
2023-08-07,31.190001,23.634985
2023-08-08,31.15,23.706066
2023-08-09,32.0,24.65745
2023-08-10,31.969999,24.899605
2023-08-11,31.879999,24.49944
2023-08-14,30.879999,23.692757
2023-08-15,30.709999,23.353378
2023-08-16,30.200001,22.888435
2023-08-17,30.23,22.90963
2023-08-18,30.35,22.791893
2023-08-21,30.66,22.882805
2023-08-22,30.799999,23.273928
2023-08-23,31.51,23.69824
2023-08-24,30.879999,23.328789
2023-08-25,31.120001,23.366924
2023-08-28,31.879999,23.970417
2023-08-29,31.860001,23.776217
2023-08-30,31.85,24.083046
2023-08-31,32.330002,24.432528
2023-09-01,32.330002,24.61282
2023-09-05,32.970001,24.905373
2023-09-06,33.43,25.263138
2023-09-07,33.459999,25.093922
2023-09-08,33.549999,25.234093
2023-09-11,33.990002,25.489368
2023-09-12,34.330002,25.64265
2023-09-13,34.5,25.83568
2023-09-14,35.599998,26.896847
2023-09-15,35.34,26.775482
2023-09-18,35.220001,26.560293
2023-09-19,36.669998,27.892813
2023-09-20,36.130001,27.364939
2023-09-21,35.240002,26.359882
2023-09-22,35.23,26.724257
2023-09-25,35.209999,26.283113
2023-09-26,34.73,26.1935
2023-09-27,34.990002,26.438732
2023-09-28,34.84,26.08744
2023-09-29,33.639999,25.523466
2023-10-02,33.580002,25.19614
2023-10-03,32.68,24.231586
2023-10-04,31.83,23.536533
2023-10-05,32.27,23.918518
2023-10-06,32.77,24.345573
2023-10-09,32.900002,24.30497
2023-10-10,33.549999,25.031586
2023-10-11,33.810001,25.435242
2023-10-12,34.09,25.813059
2023-10-13,33.34,25.12644
2023-10-16,33.709999,25.214457
2023-10-17,33.77,25.29305
2023-10-18,33.07,25.058582
2023-10-19,32.560001,24.62474
2023-10-20,32.43,24.225945
2023-10-23,32.189999,24.159853
2023-10-24,32.23,24.261652
2023-10-25,32.299999,24.23045
2023-10-26,31.58,23.674988
2023-10-27,31.379999,23.351639
2023-10-30,30.6,22.759907
2023-10-31,30.75,22.756096
2023-11-01,31.370001,23.520212
2023-11-02,31.84,24.149096
2023-11-03,32.209999,24.48549
2023-11-06,32.290001,24.792908
2023-11-07,32.099998,24.473454
2023-11-08,31.870001,24.678741
2023-11-09,30.92,24.317978
2023-11-10,31.58,23.792744
2023-11-13,31.08,23.637924
2023-11-14,32.209999,24.77793
2023-11-15,31.68,24.42023
2023-11-16,31.799999,24.370575
2023-11-17,32.57,24.890303
2023-11-20,31.58,24.290613
2023-11-21,30.77,23.923162
2023-11-22,31.219999,24.029293
2023-11-24,31.629999,24.26223
2023-11-27,31.129999,24.173794
2023-11-28,30.93,23.913418
2023-11-29,30.610001,23.806767
2023-11-30,30.66,23.783009
2023-12-01,31.17,23.982807
2023-12-04,30.26,23.364553
2023-12-05,30.51,23.555817
2023-12-06,30.780001,23.978054
2023-12-07,30.6,23.682825
2023-12-08,30.48,23.71981
2023-12-11,30.85,23.999653
2023-12-12,30.51,23.632616
2023-12-13,30.620001,23.585653
2023-12-14,29.98,23.26509
2023-12-15,29.440001,23.095514
2023-12-18,29.809999,23.25815
2023-12-19,30.190001,23.433044
2023-12-20,30.370001,23.795006
2023-12-21,30.559999,23.463106
2023-12-22,30.59,23.646172
2023-12-26,30.6,23.524227
2023-12-27,30.51,23.556398
2023-12-28,30.65,23.539146
2023-12-29,30.91,23.803268
2024-01-02,30.790001,23.636375
2024-01-03,30.6,23.453878
2024-01-04,31.0,23.812656
2024-01-05,31.75,24.35843
2024-01-08,32.029999,24.519747
2024-01-09,31.5,24.39137
2024-01-10,32.099998,24.681328
2024-01-11,32.18,25.00676
2024-01-12,32.150002,24.78198
2024-01-16,32.049999,24.524698
2024-01-17,31.85,24.207882
2024-01-18,32.689999,24.972038
2024-01-19,32.360001,24.735134
2024-01-22,32.560001,24.870825
2024-01-23,32.380001,24.74258
2024-01-24,32.200001,24.743229
2024-01-25,32.259998,24.546028
2024-01-26,32.490002,24.661854
2024-01-29,33.34,25.3741
2024-01-30,33.380001,25.42355
2024-01-31,33.490002,25.511768
2024-02-01,33.77,25.435583
2024-02-02,33.529999,25.448565
2024-02-05,33.860001,25.939775
2024-02-06,34.419998,26.2314
2024-02-07,34.93,26.799528
2024-02-08,35.16,26.621029
2024-02-09,34.360001,26.342041
2024-02-12,34.48,26.242153
2024-02-13,34.060001,25.885529
2024-02-14,33.830002,25.521484
2024-02-15,34.82,26.080166
2024-02-16,34.740002,26.440662
2024-02-20,34.630001,26.389542
2024-02-21,34.939999,26.392403
2024-02-22,35.740002,27.2571
2024-02-23,35.82,27.309479
2024-02-26,35.66,27.239706
2024-02-27,35.25,27.047527
2024-02-28,35.369999,26.889286
2024-02-29,35.59,27.325214
2024-03-01,36.07,27.56768
2024-03-04,35.98,27.645401
2024-03-05,35.779999,27.464834
2024-03-06,36.240002,28.139908
2024-03-07,35.439999,27.023638
2024-03-08,35.52,27.288391
2024-03-11,34.68,26.442854
2024-03-12,35.200001,26.706228
2024-03-13,35.16,26.603907
2024-03-14,35.240002,26.809837
2024-03-15,36.060001,27.17585
2024-03-18,36.43,27.811874
2024-03-19,36.849998,28.066883
2024-03-20,37.080002,28.52003
2024-03-21,37.439999,28.539886
2024-03-22,37.68,28.940372
